Type,Name,Request Count,Failure Count,Median Response Time,Average Response Time,Min Response Time,Max Response Time,Average Content Size,Requests/s,Failures/s,50%,66%,75%,80%,90%,95%,98%,99%,99.9%,99.99%,100%
GET,GET /booking,180,0,460,511.9554233362174,310.8113000052981,931.0436000232585,41374.26666666667,7.196321872001572,0.0,460,460,470,470,780,790,820,820,930,930,930
GET,GET /booking com filtro por data,128,0,160,236.55061718409343,153.02760002668947,775.886100018397,2.0,5.117384442312228,0.0,160,160,160,160,620,630,770,770,780,780,780
GET,GET /booking/{id},96,0,151.7444999772124,155.31133333327793,151.7444999772124,163.35090005304664,153.39583333333334,3.8380383317341713,0.0,150,160,160,160,160,160,160,160,160,160,160
GET,GET /ping,41,0,160,257.1463585340009,152.24029996898025,621.6990000102669,7.0,1.6391622041781357,0.0,160,160,160,610,620,620,620,620,620,620,620
POST,POST /auth,88,0,160,224.42540908840866,152.58120000362396,634.7634000121616,27.0,3.518201804089657,0.0,160,160,160,160,620,620,630,630,630,630,630
POST,POST /booking,36,0,152.63309999136254,180.86080277539116,152.63309999136254,632.6008000178263,198.0,1.4392643744003142,0.0,150,160,160,160,160,610,630,630,630,630,630
,Aggregated,569,0,160,306.05231774985214,151.7444999772124,931.0436000232585,13132.057996485062,22.748373028716077,0.0,160,460,460,460,620,770,780,790,930,930,930
