Type,Name,Request Count,Failure Count,Median Response Time,Average Response Time,Min Response Time,Max Response Time,Average Content Size,Requests/s,Failures/s,50%,66%,75%,80%,90%,95%,98%,99%,99.9%,99.99%,100%
GET,GET /booking,541,0,460,499.20211885405905,453.56050005648285,1037.3207000084221,55898.93530499076,9.162584780677626,0.0,460,470,480,480,500,910,940,1000,1000,1000,1000
GET,GET /booking com filtro por data,335,0,160,192.37814059501875,151.93429996725172,697.1823000349104,2.0,5.673689281935314,0.0,160,160,160,160,170,620,630,670,700,700,700
GET,GET /booking/{id},372,0,151.0075000114739,159.13451209686878,151.0075000114739,627.5603999383748,159.76075268817203,6.300335560835632,0.0,150,160,160,160,160,170,180,190,630,630,630
GET,GET /ping,114,0,151.05479990597814,173.65046666440833,151.05479990597814,653.5058999434114,7.0,1.930747994449629,0.0,150,160,160,160,160,200,620,650,650,650,650
POST,POST /auth,234,0,150.5489000119269,180.44279146000233,150.5489000119269,679.1663999902084,27.0,3.963114304396607,0.0,150,160,160,160,170,610,630,640,680,680,680
POST,POST /booking,110,0,150.9325000224635,186.59571545219725,150.9325000224635,638.9107999857515,198.0,1.8630024507847298,0.0,150,160,160,160,170,610,620,630,640,640,640
,Aggregated,1706,0,160,279.16668053958807,150.5489000119269,1037.3207000084221,17778.617233294255,28.893474373079535,0.0,160,460,460,460,480,610,760,930,1000,1000,1000
