Type,Name,Request Count,Failure Count,Median Response Time,Average Response Time,Min Response Time,Max Response Time,Average Content Size,Requests/s,Failures/s,50%,66%,75%,80%,90%,95%,98%,99%,99.9%,99.99%,100%
GET,GET /booking,1054,0,470,522.6686837754046,377.85180006176233,1056.9549999199808,65989.28273244781,17.851836750070163,0.0,470,480,500,510,650,940,970,1000,1100,1100,1100
GET,GET /booking com filtro por data,689,0,160,190.2872203210239,151.33999998215586,733.6730000097305,2.0,11.669749070966168,0.0,160,160,170,170,200,610,640,660,730,730,730
GET,GET /booking/{id},762,0,160,164.10430196903064,150.7022000150755,352.7170999441296,158.2742782152231,12.906166606786966,0.0,160,160,160,170,180,200,280,300,350,350,350
GET,GET /ping,233,0,160,193.1684879788953,151.56539995223284,697.4908999400213,7.0,3.9463737787157,0.0,160,160,160,160,200,620,640,650,700,700,700
POST,POST /auth,428,0,160,193.10413154247914,151.11700003035367,733.3734999410808,27.0,7.249132949743861,0.0,160,160,170,170,190,620,650,670,730,730,730
POST,POST /booking,235,0,160,176.03181574662077,151.49469999596477,652.5497999973595,198.0,3.980248231751886,0.0,160,160,160,170,170,270,620,630,650,650,650
,Aggregated,3401,0,160,286.99572722745745,150.7022000150755,1056.9549999199808,20504.08820935019,57.60350738803474,0.0,160,320,470,470,500,620,920,950,1000,1100,1100
