Type,Name,Request Count,Failure Count,Median Response Time,Average Response Time,Min Response Time,Max Response Time,Average Content Size,Requests/s,Failures/s,50%,66%,75%,80%,90%,95%,98%,99%,99.9%,99.99%,100%
GET,GET /booking,1084,0,470,500.8602653138427,453.1219999771565,1296.0018999874592,54062.80904059041,18.35370913274888,0.0,470,470,470,480,480,930,960,1100,1300,1300,1300
GET,GET /booking com filtro por data,667,0,160,185.23378365877682,151.8962000263855,875.1220999984071,2.0,11.293287815077033,0.0,160,160,160,160,160,620,630,640,880,880,880
GET,GET /booking/{id},749,0,160,156.62990627438575,151.5125999576412,217.84520003711805,152.99866488651534,12.681668026225934,0.0,160,160,160,160,160,160,170,170,220,220,220
GET,GET /ping,219,0,160,187.7739406387496,151.6399999964051,869.8209000285715,7.0,3.7079910517269417,0.0,160,160,160,160,160,610,640,650,870,870,870
POST,POST /auth,414,0,160,178.43496038565516,151.51649998733774,674.956500006374,27.0,7.009626919702986,0.0,160,160,160,160,160,200,630,650,670,670,670
POST,POST /booking,234,0,160,190.11802692215045,151.35150001151487,880.9974000323564,198.0,3.9619630415712526,0.0,160,160,160,160,170,620,650,820,880,880,880
,Aggregated,3367,0,160,280.1548696167078,151.35150001151487,1296.0018999874592,17457.397683397685,57.00824598705302,0.0,160,460,460,470,470,490,880,950,1200,1300,1300
