Type,Name,Request Count,Failure Count,Median Response Time,Average Response Time,Min Response Time,Max Response Time,Average Content Size,Requests/s,Failures/s,50%,66%,75%,80%,90%,95%,98%,99%,99.9%,99.99%,100%
GET,GET /booking,134,0,460,488.1171664221337,312.20089993439615,933.7925999425352,48106.5447761194,2.269399369830602,0.0,460,470,470,480,500,780,810,880,930,930,930
GET,GET /booking com filtro por data,96,0,160,206.07088541631433,152.14559994637966,753.5374000435695,2.0,1.6258383545055062,0.0,160,160,160,160,450,630,660,750,750,750,750
GET,GET /booking/{id},115,0,150.74890002142638,156.96947217675978,150.74890002142638,188.76020004972816,159.9304347826087,1.9476188621680541,0.0,150,160,160,160,160,170,170,180,190,190,190
GET,GET /ping,36,0,160,196.78270001248973,151.0422999272123,626.3149000005797,7.0,0.6096893829395648,0.0,160,160,160,170,180,620,630,630,630,630,630
POST,POST /auth,61,0,151.17930003907531,165.1404623026181,151.17930003907531,629.8583000898361,27.0,1.033084787758707,0.0,150,160,160,160,160,170,180,630,630,630,630
POST,POST /booking,26,0,151.7191999591887,155.77275384790622,151.7191999591887,167.8298000479117,198.0,0.4403312210119079,0.0,150,160,160,160,160,160,170,170,170,170,170
,Aggregated,468,0,160,265.91844359362045,150.74890002142638,933.7925999425352,13828.863247863248,7.9259619782143425,0.0,160,170,460,460,470,510,660,780,930,930,930
