Type,Name,Request Count,Failure Count,Median Response Time,Average Response Time,Min Response Time,Max Response Time,Average Content Size,Requests/s,Failures/s,50%,66%,75%,80%,90%,95%,98%,99%,99.9%,99.99%,100%
GET,GET /booking,140,0,310,342.19835214316845,305.4936000262387,785.9616000205278,22585.835714285713,2.4550985258686064,0.0,310,310,310,310,340,770,780,780,790,790,790
GET,GET /booking com filtro por data,85,0,160,184.25359882085638,152.83580002142116,635.8193000196479,19.0,1.4905955335630825,0.0,160,160,160,160,160,610,630,640,640,640,640
GET,GET /booking/{id},106,0,160,156.2943254780894,152.72660000482574,170.75230000773445,154.0188679245283,1.8588603124433736,0.0,160,160,160,160,160,160,160,170,170,170,170
GET,GET /ping,39,0,160,192.54007435236605,153.1515999813564,627.0231999806128,7.0,0.6839203036348261,0.0,160,160,160,160,190,620,630,630,630,630,630
POST,POST /auth,61,0,160,182.0212213129767,153.00900000147521,724.1102000116371,27.0,1.0697215005570357,0.0,160,160,160,160,160,190,690,720,720,720,720
POST,POST /booking,35,0,160,169.9649028546576,152.58819999871776,617.0221000211313,198.0,0.6137746314671516,0.0,160,160,160,160,160,180,620,620,620,620,620
,Aggregated,466,0,160,224.6730744640359,152.58819999871776,785.9616000205278,6842.935622317596,8.171970807534075,0.0,160,170,310,310,310,460,690,780,790,790,790
